Workbook

Sheet tienda.bricogeek.com
A2: TOTAL DEL PROJECTE (automàtic) | D2: =es.farnell.com!F15+www.diotronic.com!F15+tienda.bricogeek.com!F15+www.electan.com!F15 -> 223.31
A4: (Aferir-hi tots els components necessaris)
A6: # | B6: Component | C6: Referncia | D6: Preu € | E6: Unitats | F6: Total | G6: URL
A7: 1
A8: 2
A9: 3
A10: 4
A11: 5
A12: 6
A13: 7
A14: 8
E15: Total | F15: 0

Sheet www.diotronic.com
A2: TOTAL DEL PROJECTE (automàtic) | D2: =es.farnell.com!F15+www.diotronic.com!F15+tienda.bricogeek.com!F15+www.electan.com!F15 -> 223.31
A4: (Aferir-hi tots els components necessaris)
A6: # | B6: Component | C6: Referncia | D6: Preu € | E6: Unitats | F6: Total | G6: URL
A7: 1 | B7: ARDUINO MEGA ATMEL ATMEGA2560 | C7: A000067 | D7: 36.18 | E7: 2 | F7: =PRODUCT(D7,E7) -> 72.36
A8: 2 | B8: Pantalla Táctil 3,2'' | C8: TFT01-3.2 | D8: 36.18 | E8: 2 | F8: =PRODUCT(D7,E7) -> 72.36
A9: 3 | B9: Bloque de terminales 2-pins 2.54mm | C9: SCREW02 | D9: 0.54 | E9: 10 | F9: =PRODUCT(D9,E9) -> 5.4
A10: 4 | B10: Fuente de alimentación ATX 500W | C10: CKP500W | D10: 19.72 | E10: 1 | F10: =PRODUCT(D10,E10) -> 19.72
A11: 5 | B11: TRT MOS N FET 60V 30A TO-220 | C11: IRFZ34 | D11: 0.56 | E11: 10 | F11: =PRODUCT(D11,E11) -> 5.6
A12: 6 | B12: DISIPADOR TO220/TO3P C/TERMINA | C12: ML8 | D12: 0.63 | E12: 10 | F12: =PRODUCT(D12,E12) -> 6.3
A13: 7 | B13: BreadBoard Soldable / Similares | C13: ECI | D13: 7.61 | E13: 2 | F13: =PRODUCT(D13,E13) -> 15.22
A14: 8 | B14: Trituradora de Oficina | C14: 91602 | D14: 17.23 | E14: 1 | F14: =PRODUCT(D14,E14) -> 17.23
E15: Total | F15: =sum(F7:F14) -> 214.19

Sheet es.farnell.com
A2: TOTAL DEL PROJECTE (automàtic) | D2: =es.farnell.com!F15+www.diotronic.com!F15+tienda.bricogeek.com!F15+www.electan.com!F15 -> 223.31
A4: (Aferir-hi tots els components necessaris)
A6: # | B6: Component | C6: Referncia | D6: Preu € | E6: Unitats | F6: Total | G6: URL
A7: 1 | B7: Termistor, NTC, 100 kohm, | C7: 2112935 | D7: 2.28 | E7: 4 | F7: =PRODUCT(D7,E7) -> 9.12
A8: 2 | F8: =PRODUCT(D8,E8) -> 0
A9: 3 | F9: =PRODUCT(D9,E9) -> 0
A10: 4 | F10: =PRODUCT(D10,E10) -> 0
A11: 5 | F11: =PRODUCT(D11,E11) -> 0
A12: 6 | F12: =PRODUCT(D12,E12) -> 0
A13: 7 | F13: =PRODUCT(D13,E13) -> 0
A14: 8 | F14: =PRODUCT(D14,E14) -> 0
E15: Total | F15: =SUM(F7:F14) -> 9.12

Sheet www.electan.com
A2: TOTAL DEL PROJECTE (automàtic) | D2: =es.farnell.com!F15+www.diotronic.com!F15+tienda.bricogeek.com!F15+www.electan.com!F15 -> 223.31
A4: (Aferir-hi tots els components necessaris)
A6: # | B6: Component | C6: Referncia | D6: Preu € | E6: Unitats | F6: Total | G6: URL
A7: 1
A8: 2
A9: 3
A10: 4
A11: 5
A12: 6
A13: 7
A14: 8
E15: Total | F15: 0

Sheet OTROS
A2: TOTAL DEL PROJECTE (automàtic) | D2: =es.farnell.com!F15+www.diotronic.com!F15+tienda.bricogeek.com!F15+www.electan.com!F15+OTROS!F15 -> 275.83
A4: (Aferir-hi tots els components necessaris)
D5: Aprox. Dòlars
A6: # | B6: Component | C6: Referncia | D6: Preu € | E6: Unitats | F6: Total | G6: URL
A7: 1 | B7: Broca | D7: 20 | E7: 1 | F7: =PRODUCT(D7,E7) -> 20 | G7: https://www.amazon.com/Irwin-Industrial-Tools-47416-17-Inch/dp/B00004YO68/ref=pd_lpo_vtph_469_bs_t_1?_encoding=UTF8&psc=1&refRID=93S53GPTYAF2AK3TZTGX
A8: 2 | B8: Motor Limpiaparabrisas | D8: 26.62 | E8: 1 | F8: =PRODUCT(D8,E8) -> 26.62 | G8: https://www.amazon.es/Febi-Bilstein-17092-Motor-del-limpiaparabrisas/dp/B0068M3RCC/ref=sr_1_1?ie=UTF8&qid=1511376430&sr=8-1&keywords=motor+limpiaparabrisas
A9: 3 | B9: Tubo y boquilla | F9: =PRODUCT(D9,E9) -> 0
A10: 4 | B10: Hilo Nicrom (0,3mm) | D10: 0.59 | E10: 10 | F10: =PRODUCT(D10,E10) -> 5.9 | G10: https://www.mwmaterialsworld.com/es/hilo-nicrom.html
A11: 5 | F11: =PRODUCT(D11,E11) -> 0
A12: 6 | F12: =PRODUCT(D12,E12) -> 0
A13: 7 | F13: =PRODUCT(D13,E13) -> 0
A14: 8 | F14: =PRODUCT(D14,E14) -> 0
E15: Total | F15: =sum(F7:F14) -> 52.52
